MwDPxPpI8v0|https://www.youtube.com/watch?v=MwDPxPpI8v0|Throwback to the Ferrari Cavalcade International|2024-05-23 17:38:14|0
sitXeGjm4Mc|https://www.youtube.com/watch?v=sitXeGjm4Mc|Lamborghini Revuelto � From Now On|2023-03-30 01:00:24|0
ZieW_OSkuiQ|https://www.youtube.com/watch?v=ZieW_OSkuiQ|The Racer Short Film - Porsche|2019-02-28 06:08:08|0
KBs63IWzS6E|https://www.youtube.com/watch?v=KBs63IWzS6E|Get to know the all-electric Porsche Taycan|2024-04-18 17:00:36|0
twnjxx2ta0k|https://www.youtube.com/watch?v=twnjxx2ta0k|A drive like no other the Porsche 911 GT3|2024-01-18 20:17:47|0
w8Mf-o26ZCs|https://www.youtube.com/watch?v=w8Mf-o26ZCs|Snow pursuit|2024-05-10 13:39:51|0
Jvr0U2ZInoE|https://www.youtube.com/watch?v=Jvr0U2ZInoE|Freshhkiicks Nismo R35 GTR [4K]|2021-12-03 17:00:05|0
pu_b0gP9Ijo|https://www.youtube.com/watch?v=pu_b0gP9Ijo|Flame Throwing Liberty Walk R35 GTR 4K|2023-04-11 13:50:05|0
TGTrIm2L1Ag|https://www.youtube.com/watch?v=TGTrIm2L1Ag|I am Jose Mourinho|2022-04-22 21:31:02|0
_ynyME_XD8I|https://www.youtube.com/watch?v=_ynyME_XD8I|Jose Mourinho'nun İmza Töreni|2024-06-03 10:35:10|1
